<?xml version='1.1' encoding='UTF-8'?>
<result plugin="junit@1.28">
  <suites>
    <suite>
      <file>/var/lib/jenkins/workspace/gameoflife_pipelineproject/gameoflife-web/target/surefire-reports/TEST-com.wakaleo.gameoflife.webtests.controllers.WhenCreatingANewGame.xml</file>
      <name>com.wakaleo.gameoflife.webtests.controllers.WhenCreatingANewGame</name>
      <duration>0.086</duration>
      <time>0.086</time>
      <nodeId>29</nodeId>
      <enclosingBlocks>
        <string>28</string>
      </enclosingBlocks>
      <enclosingBlockNames>
        <string>Declarative: Post Actions</string>
      </enclosingBlockNames>
      <cases>
        <case>
          <duration>0.033</duration>
          <className>com.wakaleo.gameoflife.webtests.controllers.WhenCreatingANewGame</className>
          <testName>anEmptyUniverseShouldBeAddedToTheSession</testName>
          <skipped>false</skipped>
          <failedSince>0</failedSince>
        </case>
        <case>
          <duration>0.033</duration>
          <className>com.wakaleo.gameoflife.webtests.controllers.WhenCreatingANewGame</className>
          <testName>whenTheUserCreatesTheFirstGenerationAnEmptyUniverseShouldBeAddedToTheSession</testName>
          <skipped>false</skipped>
          <failedSince>0</failedSince>
        </case>
        <case>
          <duration>0.009</duration>
          <className>com.wakaleo.gameoflife.webtests.controllers.WhenCreatingANewGame</className>
          <testName>whenTheUserCreatesTheFirstGenerationTheUniverseDimensionsShouldBeAddedToTheSession</testName>
          <skipped>false</skipped>
          <failedSince>0</failedSince>
        </case>
      </cases>
    </suite>
    <suite>
      <file>/var/lib/jenkins/workspace/gameoflife_pipelineproject/gameoflife-web/target/surefire-reports/TEST-com.wakaleo.gameoflife.webtests.controllers.WhenDisplayingTheHomePage.xml</file>
      <name>com.wakaleo.gameoflife.webtests.controllers.WhenDisplayingTheHomePage</name>
      <duration>0.0</duration>
      <time>0</time>
      <nodeId>29</nodeId>
      <enclosingBlocks>
        <string>28</string>
      </enclosingBlocks>
      <enclosingBlockNames>
        <string>Declarative: Post Actions</string>
      </enclosingBlockNames>
      <cases>
        <case>
          <duration>0.0</duration>
          <className>com.wakaleo.gameoflife.webtests.controllers.WhenDisplayingTheHomePage</className>
          <testName>theHomeUrlShouldDisplayTheHomePage</testName>
          <skipped>false</skipped>
          <failedSince>0</failedSince>
        </case>
        <case>
          <duration>0.0</duration>
          <className>com.wakaleo.gameoflife.webtests.controllers.WhenDisplayingTheHomePage</className>
          <testName>theIndexUrlShouldDisplayTheHomePage</testName>
          <skipped>false</skipped>
          <failedSince>0</failedSince>
        </case>
      </cases>
    </suite>
    <suite>
      <file>/var/lib/jenkins/workspace/gameoflife_pipelineproject/gameoflife-web/target/surefire-reports/TEST-com.wakaleo.gameoflife.webtests.controllers.WhenSpawningANewGeneration.xml</file>
      <name>com.wakaleo.gameoflife.webtests.controllers.WhenSpawningANewGeneration</name>
      <duration>0.88</duration>
      <time>0.88</time>
      <nodeId>29</nodeId>
      <enclosingBlocks>
        <string>28</string>
      </enclosingBlocks>
      <enclosingBlockNames>
        <string>Declarative: Post Actions</string>
      </enclosingBlockNames>
      <cases>
        <case>
          <duration>0.032</duration>
          <className>com.wakaleo.gameoflife.webtests.controllers.WhenSpawningANewGeneration</className>
          <testName>theIndexUrlShouldDisplayTheHomePage</testName>
          <skipped>false</skipped>
          <failedSince>0</failedSince>
        </case>
        <case>
          <duration>0.587</duration>
          <className>com.wakaleo.gameoflife.webtests.controllers.WhenSpawningANewGeneration</className>
          <testName>whenGeneratingTheNextGenerationAnUpdatedUniverseShouldBeProduced</testName>
          <skipped>false</skipped>
          <failedSince>0</failedSince>
        </case>
      </cases>
    </suite>
  </suites>
  <duration>0.966</duration>
  <keepLongStdio>false</keepLongStdio>
</result>