<?xml version='1.1' encoding='UTF-8'?>
<Tag plugin="workflow-support@3.3">
  <node class="cps.n.StepAtomNode" plugin="workflow-cps@2.68">
    <parentIds>
      <string>10</string>
    </parentIds>
    <id>11</id>
    <descriptorId>org.jenkinsci.plugins.workflow.steps.durable_task.ShellStep</descriptorId>
  </node>
  <actions>
    <cps.a.ArgumentsActionImpl plugin="workflow-cps@2.68">
      <arguments>
        <entry>
          <string>returnStdout</string>
          <boolean>true</boolean>
        </entry>
        <entry>
          <string>script</string>
          <string>#!/bin/bash
                            # find latest backup
                            thinbackup_path=&quot;$JENKINS_HOME/thinBackup&quot;
                            latest_backup_folder=$(ls -t $thinbackup_path | head -n1)
                            full_path=&quot;$thinbackup_path/$latest_backup_folder&quot;
                           
                            # pack it up
                            backup_name=&quot;$latest_backup_folder.tar.gz&quot;
                            tar cvzf $backup_name $full_path
                            echo ${backup_name}
                            </string>
        </entry>
      </arguments>
      <isUnmodifiedBySanitization>true</isUnmodifiedBySanitization>
    </cps.a.ArgumentsActionImpl>
    <wf.a.TimingAction plugin="workflow-api@2.34">
      <startTime>1571982754099</startTime>
    </wf.a.TimingAction>
    <s.a.LogStorageAction/>
  </actions>
</Tag>