<?xml version='1.1' encoding='UTF-8'?>
<Tag plugin="workflow-support@3.3">
  <node class="cps.n.StepAtomNode" plugin="workflow-cps@2.68">
    <parentIds>
      <string>13</string>
    </parentIds>
    <id>14</id>
    <descriptorId>org.jenkinsci.plugins.workflow.steps.CoreStep</descriptorId>
  </node>
  <actions>
    <cps.a.ArgumentsActionImpl plugin="workflow-cps@2.68">
      <arguments>
        <entry>
          <string>delegate</string>
          <linked-hash-map>
            <entry>
              <string>$class</string>
              <string>ClassicUploadStep</string>
            </entry>
            <entry>
              <string>credentialsId</string>
              <string>My First Project</string>
            </entry>
            <entry>
              <string>bucket</string>
              <string>gs://jenkinsjob</string>
            </entry>
            <entry>
              <string>pattern</string>
              <string>FULL-2019-10-25_05-52.tar.gz</string>
            </entry>
          </linked-hash-map>
        </entry>
      </arguments>
      <isUnmodifiedBySanitization>true</isUnmodifiedBySanitization>
    </cps.a.ArgumentsActionImpl>
    <wf.a.TimingAction plugin="workflow-api@2.34">
      <startTime>1571982754426</startTime>
    </wf.a.TimingAction>
    <s.a.LogStorageAction/>
  </actions>
</Tag>