<?xml version='1.1' encoding='UTF-8'?>
<Tag plugin="workflow-support@3.3">
  <node class="cps.n.StepAtomNode" plugin="workflow-cps@2.68">
    <parentIds>
      <string>14</string>
    </parentIds>
    <id>15</id>
    <descriptorId>org.jenkinsci.plugins.workflow.steps.durable_task.ShellStep</descriptorId>
  </node>
  <actions>
    <cps.a.ArgumentsActionImpl plugin="workflow-cps@2.68">
      <arguments>
        <entry>
          <string>script</string>
          <string>
                 rm FULL-2019-10-25_05-52.tar.gz
                </string>
        </entry>
      </arguments>
      <isUnmodifiedBySanitization>true</isUnmodifiedBySanitization>
    </cps.a.ArgumentsActionImpl>
    <wf.a.TimingAction plugin="workflow-api@2.34">
      <startTime>1571982755489</startTime>
    </wf.a.TimingAction>
    <s.a.LogStorageAction/>
  </actions>
</Tag>