<?xml version='1.1' encoding='UTF-8'?>
<Tag plugin="workflow-support@3.3">
  <node class="org.jenkinsci.plugins.workflow.graph.FlowEndNode" plugin="workflow-api@2.34">
    <parentIds>
      <string>21</string>
    </parentIds>
    <id>22</id>
    <startId>2</startId>
    <result>
      <name>SUCCESS</name>
      <ordinal>0</ordinal>
      <color>BLUE</color>
      <completeBuild>true</completeBuild>
    </result>
  </node>
  <actions>
    <wf.a.TimingAction plugin="workflow-api@2.34">
      <startTime>1571982755874</startTime>
    </wf.a.TimingAction>
  </actions>
</Tag>