<?xml version='1.1' encoding='UTF-8'?>
<Tag plugin="workflow-support@3.3">
  <node class="cps.n.StepStartNode" plugin="workflow-cps@2.68">
    <parentIds>
      <string>4</string>
    </parentIds>
    <id>5</id>
    <descriptorId>org.jenkinsci.plugins.workflow.steps.EnvStep</descriptorId>
  </node>
  <actions>
    <s.a.LogStorageAction/>
    <cps.a.ArgumentsActionImpl plugin="workflow-cps@2.68">
      <arguments>
        <entry>
          <string>overrides</string>
          <list>
            <string>JENKINS_BACKUP_FILE_NAME=</string>
          </list>
        </entry>
      </arguments>
      <isUnmodifiedBySanitization>true</isUnmodifiedBySanitization>
    </cps.a.ArgumentsActionImpl>
    <wf.a.TimingAction plugin="workflow-api@2.34">
      <startTime>1571982753955</startTime>
    </wf.a.TimingAction>
  </actions>
</Tag>