<?xml version='1.1' encoding='UTF-8'?>
<hudson.plugins.sonar.SonarGlobalConfiguration plugin="sonar@2.9">
  <installations>
    <hudson.plugins.sonar.SonarInstallation>
      <name>sonarqube</name>
      <serverUrl>http://34.93.13.119:9000</serverUrl>
      <credentialsId></credentialsId>
      <mojoVersion></mojoVersion>
      <additionalProperties></additionalProperties>
      <additionalAnalysisProperties></additionalAnalysisProperties>
      <triggers>
        <skipScmCause>false</skipScmCause>
        <skipUpstreamCause>false</skipUpstreamCause>
        <envVar></envVar>
      </triggers>
    </hudson.plugins.sonar.SonarInstallation>
  </installations>
  <buildWrapperEnabled>false</buildWrapperEnabled>
  <dataMigrated>true</dataMigrated>
  <credentialsMigrated>true</credentialsMigrated>
</hudson.plugins.sonar.SonarGlobalConfiguration>