<?xml version='1.1' encoding='UTF-8'?>
<org.jenkinsci.plugins.ghprb.GhprbTrigger_-DescriptorImpl plugin="ghprb@1.42.0">
  <configVersion>1</configVersion>
  <whitelistPhrase>.*add\W+to\W+whitelist.*</whitelistPhrase>
  <okToTestPhrase>.*ok\W+to\W+test.*</okToTestPhrase>
  <retestPhrase>.*test\W+this\W+please.*</retestPhrase>
  <skipBuildPhrase>.*\[skip\W+ci\].*</skipBuildPhrase>
  <blackListCommitAuthor></blackListCommitAuthor>
  <cron>H/5 * * * *</cron>
  <useComments>false</useComments>
  <useDetailedComments>false</useDetailedComments>
  <manageWebhooks>true</manageWebhooks>
  <unstableAs>FAILURE</unstableAs>
  <autoCloseFailedPullRequests>false</autoCloseFailedPullRequests>
  <displayBuildErrorsOnDownstreamBuilds>false</displayBuildErrorsOnDownstreamBuilds>
  <blackListLabels></blackListLabels>
  <whiteListLabels></whiteListLabels>
  <githubAuth>
    <org.jenkinsci.plugins.ghprb.GhprbGitHubAuth>
      <serverAPIUrl>https://api.github.com</serverAPIUrl>
      <credentialsId>Venkat</credentialsId>
      <id>98a2bd58-becc-4063-bbe3-0b08db198fff</id>
      <description>Anonymous connection</description>
      <secret>{AQAAABAAAAAQ+jCYi6+CDQ5pwmezMriAbGhAXFwyPmA3QIEzlntZyz0=}</secret>
    </org.jenkinsci.plugins.ghprb.GhprbGitHubAuth>
  </githubAuth>
  <adminlist></adminlist>
  <requestForTestingPhrase>Can one of the admins verify this patch?</requestForTestingPhrase>
  <extensions>
    <org.jenkinsci.plugins.ghprb.extensions.status.GhprbSimpleStatus>
      <commitStatusContext></commitStatusContext>
      <triggeredStatus></triggeredStatus>
      <startedStatus></startedStatus>
      <statusUrl></statusUrl>
      <addTestResults>false</addTestResults>
    </org.jenkinsci.plugins.ghprb.extensions.status.GhprbSimpleStatus>
  </extensions>
</org.jenkinsci.plugins.ghprb.GhprbTrigger_-DescriptorImpl>