<?xml version='1.1' encoding='UTF-8'?>
<Tag plugin="workflow-support@3.3">
  <node class="cps.n.StepStartNode" plugin="workflow-cps@2.68">
    <parentIds>
      <string>14</string>
    </parentIds>
    <id>15</id>
    <descriptorId>org.jenkinsci.plugins.workflow.steps.CoreWrapperStep</descriptorId>
  </node>
  <actions>
    <s.a.LogStorageAction/>
    <cps.a.ArgumentsActionImpl plugin="workflow-cps@2.68">
      <arguments>
        <entry>
          <string>delegate</string>
          <org.jenkinsci.plugins.structs.describable.UninstantiatedDescribable plugin="structs@1.19">
            <symbol>withSonarQubeEnv</symbol>
            <arguments class="tree-map">
              <entry>
                <string>&lt;anonymous&gt;</string>
                <string>sonarqube</string>
              </entry>
            </arguments>
          </org.jenkinsci.plugins.structs.describable.UninstantiatedDescribable>
        </entry>
      </arguments>
      <isUnmodifiedBySanitization>true</isUnmodifiedBySanitization>
    </cps.a.ArgumentsActionImpl>
    <wf.a.TimingAction plugin="workflow-api@2.34">
      <startTime>1560848139784</startTime>
    </wf.a.TimingAction>
  </actions>
</Tag>