<?xml version='1.1' encoding='UTF-8'?>
<Tag plugin="workflow-support@3.3">
  <node class="cps.n.StepAtomNode" plugin="workflow-cps@2.68">
    <parentIds>
      <string>16</string>
    </parentIds>
    <id>17</id>
    <descriptorId>org.jenkinsci.plugins.workflow.steps.durable_task.ShellStep</descriptorId>
  </node>
  <actions>
    <cps.a.ArgumentsActionImpl plugin="workflow-cps@2.68">
      <arguments>
        <entry>
          <string>script</string>
          <wf.a.ArgumentsAction_-NotStoredReason>MASKED_VALUE</wf.a.ArgumentsAction_-NotStoredReason>
        </entry>
      </arguments>
      <isUnmodifiedBySanitization>false</isUnmodifiedBySanitization>
    </cps.a.ArgumentsActionImpl>
    <wf.a.TimingAction plugin="workflow-api@2.34">
      <startTime>1560848139815</startTime>
    </wf.a.TimingAction>
    <s.a.LogStorageAction/>
  </actions>
</Tag>