<?xml version='1.1' encoding='UTF-8'?>
<Tag plugin="workflow-support@3.3">
  <node class="cps.n.StepAtomNode" plugin="workflow-cps@2.68">
    <parentIds>
      <string>23</string>
    </parentIds>
    <id>24</id>
    <descriptorId>org.sonatype.nexus.ci.nxrm.NexusPublisherWorkflowStep</descriptorId>
  </node>
  <actions>
    <cps.a.ArgumentsActionImpl plugin="workflow-cps@2.68">
      <arguments>
        <entry>
          <string>packages</string>
          <list>
            <linked-hash-map>
              <entry>
                <string>$class</string>
                <string>MavenPackage</string>
              </entry>
              <entry>
                <string>mavenAssetList</string>
                <list>
                  <linked-hash-map>
                    <entry>
                      <string>classifier</string>
                      <string></string>
                    </entry>
                    <entry>
                      <string>extension</string>
                      <string></string>
                    </entry>
                    <entry>
                      <string>filePath</string>
                      <string>gameoflife-web/target/gameoflife.war</string>
                    </entry>
                  </linked-hash-map>
                </list>
              </entry>
              <entry>
                <string>mavenCoordinate</string>
                <linked-hash-map>
                  <entry>
                    <string>artifactId</string>
                    <string>gameoflife</string>
                  </entry>
                  <entry>
                    <string>groupId</string>
                    <string>com.wakaleo.gameoflife</string>
                  </entry>
                  <entry>
                    <string>packaging</string>
                    <string>jar</string>
                  </entry>
                  <entry>
                    <string>version</string>
                    <string>1.0</string>
                  </entry>
                </linked-hash-map>
              </entry>
            </linked-hash-map>
          </list>
        </entry>
        <entry>
          <string>nexusRepositoryId</string>
          <string>Curo-snapshot</string>
        </entry>
        <entry>
          <string>nexusInstanceId</string>
          <string>nexus</string>
        </entry>
      </arguments>
      <isUnmodifiedBySanitization>true</isUnmodifiedBySanitization>
    </cps.a.ArgumentsActionImpl>
    <wf.a.TimingAction plugin="workflow-api@2.34">
      <startTime>1560848172129</startTime>
    </wf.a.TimingAction>
    <s.a.LogStorageAction/>
  </actions>
</Tag>