<?xml version='1.1' encoding='UTF-8'?>
<Tag plugin="workflow-support@3.3">
  <node class="cps.n.StepStartNode" plugin="workflow-cps@2.68">
    <parentIds>
      <string>27</string>
    </parentIds>
    <id>28</id>
    <descriptorId>org.jenkinsci.plugins.workflow.support.steps.StageStep</descriptorId>
  </node>
  <actions>
    <wf.a.BodyInvocationAction plugin="workflow-api@2.34"/>
    <wf.a.LabelAction plugin="workflow-api@2.34">
      <displayName>Declarative: Post Actions</displayName>
    </wf.a.LabelAction>
    <wf.a.TimingAction plugin="workflow-api@2.34">
      <startTime>1560848174256</startTime>
    </wf.a.TimingAction>
    <wf.a.TagsAction plugin="workflow-api@2.34">
      <tags>
        <entry>
          <string>SYNTHETIC_STAGE</string>
          <string>POST</string>
        </entry>
      </tags>
    </wf.a.TagsAction>
  </actions>
</Tag>