<?xml version='1.1' encoding='UTF-8'?>
<Tag plugin="workflow-support@3.3">
  <node class="cps.n.StepAtomNode" plugin="workflow-cps@2.68">
    <parentIds>
      <string>28</string>
    </parentIds>
    <id>29</id>
    <descriptorId>hudson.tasks.junit.pipeline.JUnitResultsStep</descriptorId>
  </node>
  <actions>
    <cps.a.ArgumentsActionImpl plugin="workflow-cps@2.68">
      <arguments>
        <entry>
          <string>testResults</string>
          <string>gameoflife-web/target/surefire-reports/*.xml</string>
        </entry>
      </arguments>
      <isUnmodifiedBySanitization>true</isUnmodifiedBySanitization>
    </cps.a.ArgumentsActionImpl>
    <wf.a.TimingAction plugin="workflow-api@2.34">
      <startTime>1560848174307</startTime>
    </wf.a.TimingAction>
    <s.a.LogStorageAction/>
  </actions>
</Tag>