<?xml version='1.1' encoding='UTF-8'?>
<Tag plugin="workflow-support@3.3">
  <node class="cps.n.StepStartNode" plugin="workflow-cps@2.68">
    <parentIds>
      <string>5</string>
    </parentIds>
    <id>6</id>
    <descriptorId>hudson.plugins.timestamper.pipeline.TimestamperStep</descriptorId>
  </node>
  <actions>
    <wf.a.BodyInvocationAction plugin="workflow-api@2.34"/>
    <wf.a.TimingAction plugin="workflow-api@2.34">
      <startTime>1560848132411</startTime>
    </wf.a.TimingAction>
  </actions>
</Tag>