<?xml version='1.1' encoding='UTF-8'?>
<hudson.plugins.sonar.SonarRunnerInstallation_-DescriptorImpl plugin="sonar@2.9">
  <installations>
    <hudson.plugins.sonar.SonarRunnerInstallation>
      <name>sonar</name>
      <properties>
        <hudson.tools.InstallSourceProperty>
          <installers>
            <hudson.plugins.sonar.SonarRunnerInstaller>
              <id>3.3.0.1492</id>
            </hudson.plugins.sonar.SonarRunnerInstaller>
          </installers>
        </hudson.tools.InstallSourceProperty>
      </properties>
    </hudson.plugins.sonar.SonarRunnerInstallation>
  </installations>
</hudson.plugins.sonar.SonarRunnerInstallation_-DescriptorImpl>