<?xml version='1.1' encoding='UTF-8'?>
<jenkins.plugins.publish__over__ssh.BapSshPublisherPlugin_-Descriptor plugin="publish-over-ssh@1.20.1">
  <hostConfigurations>
    <jenkins.plugins.publish__over__ssh.BapSshHostConfiguration>
      <name>Ansibleserver</name>
      <hostname>34.93.13.119</hostname>
      <username>venkat</username>
      <secretPassword>{AQAAABAAAAAQpVNBWg2H4l08MeijLaK4IohTm7xFj30JVbRNmenXaM4=}</secretPassword>
      <remoteRootDir></remoteRootDir>
      <port>22</port>
      <commonConfig class="jenkins.plugins.publish_over_ssh.BapSshCommonConfiguration">
        <secretPassphrase>{AQAAABAAAAAQ8HmxoGMvC6QIdLaNE7Fks7QJ/NpPh0rRLsSlHGocZY4=}</secretPassphrase>
        <key></key>
        <keyPath></keyPath>
        <disableAllExec>false</disableAllExec>
      </commonConfig>
      <timeout>300000</timeout>
      <overrideKey>true</overrideKey>
      <disableExec>false</disableExec>
      <keyInfo>
        <secretPassphrase>{AQAAABAAAAAQ/8uocHyEhSh9QDB6mMtFFy2nbWnSrpDDsBl0u6vCfhA=}</secretPassphrase>
        <key></key>
        <keyPath></keyPath>
      </keyInfo>
      <jumpHost></jumpHost>
      <proxyType></proxyType>
      <proxyHost></proxyHost>
      <proxyPort>0</proxyPort>
      <proxyUser></proxyUser>
      <proxyPassword></proxyPassword>
    </jenkins.plugins.publish__over__ssh.BapSshHostConfiguration>
  </hostConfigurations>
  <commonConfig reference="../hostConfigurations/jenkins.plugins.publish__over__ssh.BapSshHostConfiguration/commonConfig"/>
  <defaults class="jenkins.plugins.publish_over_ssh.options.SshPluginDefaults"/>
</jenkins.plugins.publish__over__ssh.BapSshPublisherPlugin_-Descriptor>