<?xml version='1.1' encoding='UTF-8'?>
<org.sonatype.nexus.ci.config.GlobalNexusConfiguration plugin="nexus-jenkins-plugin@3.5.20190425-152158.c63841b">
  <nxrmConfigs>
    <org.sonatype.nexus.ci.config.Nxrm3Configuration>
      <id>nexus</id>
      <internalId>cd60d22e-730e-43e9-ad02-68a692b13951</internalId>
      <displayName>nexus</displayName>
      <serverUrl>http://34.93.13.119:8081</serverUrl>
      <credentialsId>nexus-credential</credentialsId>
    </org.sonatype.nexus.ci.config.Nxrm3Configuration>
  </nxrmConfigs>
  <iqConfigs/>
  <hideNvsMessage>false</hideNvsMessage>
  <instanceId>2474d55bdb454b7fadded1369cef3b95</instanceId>
</org.sonatype.nexus.ci.config.GlobalNexusConfiguration>