<?xml version='1.1' encoding='UTF-8'?>
<org.quality.gates.jenkins.plugin.GlobalConfig plugin="sonar-quality-gates@1.3.1">
  <listOfGlobalConfigData>
    <org.quality.gates.jenkins.plugin.GlobalConfigDataForSonarInstance>
      <name>sonarqube</name>
      <sonarUrl>http://34.93.13.119:9000</sonarUrl>
      <token>e1c9e0191bf4368f27dcbbb02c25d5ba66566db6</token>
      <timeToWait>30000</timeToWait>
      <maxWaitTime>400000</maxWaitTime>
    </org.quality.gates.jenkins.plugin.GlobalConfigDataForSonarInstance>
  </listOfGlobalConfigData>
  <globalConfigurationService>
    <listOfGlobalConfigInstances reference="../../listOfGlobalConfigData"/>
  </globalConfigurationService>
</org.quality.gates.jenkins.plugin.GlobalConfig>