<?xml version='1.1' encoding='UTF-8'?>
<scriptApproval plugin="script-security@1.59">
  <approvedScriptHashes>
    <string>017d0db438428731cd600b6ebda805065433520f</string>
    <string>0270e551e831664a2791bca088b82c8be15fd359</string>
    <string>07854e4163630dadd69fadd8192014a793f4f2a1</string>
    <string>11e295dae3e46907098763969d9a5e271f8a0061</string>
    <string>224efba359b9a8501379a822902fa39072cee0a5</string>
    <string>2daca103de8da3c3d0e275fdc3db5b408ed97cf9</string>
    <string>51dc8c5dafea3c25b667de9baace1e2206ebb1f0</string>
    <string>6b62bc79d0c96354ef2fd2aa0d09765b406d0bf7</string>
    <string>7f357d98b7d1553f1c635f72601e8d820bdfb153</string>
    <string>8625e3131edb2d9d87571fe82010062e7d248ce1</string>
    <string>971df564f837936b96f2b0adfc33c4e13ccab998</string>
    <string>99a7fae483437ce61d57014e67d2fbf957f29e04</string>
    <string>c2632f90b6088541e9a1d625fb81b0aac6617b8e</string>
    <string>dcbc980c62d978af316b09e47f33f1a21435aae1</string>
    <string>f2f3dba04f62ed1bbcb8463be01619869609bf69</string>
  </approvedScriptHashes>
  <approvedSignatures>
    <string>method groovy.lang.GroovyObject invokeMethod java.lang.String java.lang.Object</string>
  </approvedSignatures>
  <aclApprovedSignatures/>
  <approvedClasspathEntries/>
  <pendingScripts/>
  <pendingSignatures/>
  <pendingClasspathEntries/>
</scriptApproval>