<?xml version='1.1' encoding='UTF-8'?>
<result plugin="junit@1.28">
  <suites>
    <suite>
      <file>/var/lib/jenkins/workspace/Gameoflife_Docker/gameoflife-web/target/surefire-reports/TEST-com.wakaleo.gameoflife.webtests.controllers.WhenCreatingANewGame.xml</file>
      <name>com.wakaleo.gameoflife.webtests.controllers.WhenCreatingANewGame</name>
      <duration>0.077</duration>
      <time>0.077</time>
      <enclosingBlocks/>
      <enclosingBlockNames/>
      <cases>
        <case>
          <duration>0.002</duration>
          <className>com.wakaleo.gameoflife.webtests.controllers.WhenCreatingANewGame</className>
          <testName>anEmptyUniverseShouldBeAddedToTheSession</testName>
          <skipped>false</skipped>
          <failedSince>0</failedSince>
        </case>
        <case>
          <duration>0.026</duration>
          <className>com.wakaleo.gameoflife.webtests.controllers.WhenCreatingANewGame</className>
          <testName>whenTheUserCreatesTheFirstGenerationAnEmptyUniverseShouldBeAddedToTheSession</testName>
          <skipped>false</skipped>
          <failedSince>0</failedSince>
        </case>
        <case>
          <duration>0.042</duration>
          <className>com.wakaleo.gameoflife.webtests.controllers.WhenCreatingANewGame</className>
          <testName>whenTheUserCreatesTheFirstGenerationTheUniverseDimensionsShouldBeAddedToTheSession</testName>
          <skipped>false</skipped>
          <failedSince>0</failedSince>
        </case>
      </cases>
    </suite>
    <suite>
      <file>/var/lib/jenkins/workspace/Gameoflife_Docker/gameoflife-web/target/surefire-reports/TEST-com.wakaleo.gameoflife.webtests.controllers.WhenDisplayingTheHomePage.xml</file>
      <name>com.wakaleo.gameoflife.webtests.controllers.WhenDisplayingTheHomePage</name>
      <duration>0.004</duration>
      <time>0.004</time>
      <enclosingBlocks/>
      <enclosingBlockNames/>
      <cases>
        <case>
          <duration>0.0</duration>
          <className>com.wakaleo.gameoflife.webtests.controllers.WhenDisplayingTheHomePage</className>
          <testName>theHomeUrlShouldDisplayTheHomePage</testName>
          <skipped>false</skipped>
          <failedSince>0</failedSince>
        </case>
        <case>
          <duration>0.0</duration>
          <className>com.wakaleo.gameoflife.webtests.controllers.WhenDisplayingTheHomePage</className>
          <testName>theIndexUrlShouldDisplayTheHomePage</testName>
          <skipped>false</skipped>
          <failedSince>0</failedSince>
        </case>
      </cases>
    </suite>
    <suite>
      <file>/var/lib/jenkins/workspace/Gameoflife_Docker/gameoflife-web/target/surefire-reports/TEST-com.wakaleo.gameoflife.webtests.controllers.WhenSpawningANewGeneration.xml</file>
      <name>com.wakaleo.gameoflife.webtests.controllers.WhenSpawningANewGeneration</name>
      <duration>0.669</duration>
      <time>0.669</time>
      <enclosingBlocks/>
      <enclosingBlockNames/>
      <cases>
        <case>
          <duration>0.026</duration>
          <className>com.wakaleo.gameoflife.webtests.controllers.WhenSpawningANewGeneration</className>
          <testName>theIndexUrlShouldDisplayTheHomePage</testName>
          <skipped>false</skipped>
          <failedSince>0</failedSince>
        </case>
        <case>
          <duration>0.464</duration>
          <className>com.wakaleo.gameoflife.webtests.controllers.WhenSpawningANewGeneration</className>
          <testName>whenGeneratingTheNextGenerationAnUpdatedUniverseShouldBeProduced</testName>
          <skipped>false</skipped>
          <failedSince>0</failedSince>
        </case>
      </cases>
    </suite>
  </suites>
  <duration>0.75</duration>
  <keepLongStdio>false</keepLongStdio>
</result>