<?xml version='1.1' encoding='UTF-8'?>
<hudson.model.UserIdMapper>
  <version>1</version>
  <idToDirectoryNameMap class="concurrent-hash-map">
    <entry>
      <string>noreply</string>
      <string>noreply_5660635353459897934</string>
    </entry>
    <entry>
      <string>siva.de010</string>
      <string>sivade010_8858358922845199760</string>
    </entry>
    <entry>
      <string>admin</string>
      <string>admin_1508882361997224056</string>
    </entry>
  </idToDirectoryNameMap>
</hudson.model.UserIdMapper>